-0.10810811,0.51351351,0.48648649,-1,-1,-0.37837838,-0.37837838,-0.37837838,-0.37837838,-0.027027027,-0.027027027,-0.027027027,0.21621622,0.62162162,0.081081081,0.75675676,0.7027027,0.62162162,0.37837838,0.13513513,0.94594595,0.97297297,0.7027027,-0.081081081,0.13513513,0.37837838,0.24324324,0.10810811,0.10810811,0.81081081,0.4054054,0.4054054,0.16216216,0.51351351,0.21621622,0.32432432,0.27027027,0.5945946,0.054054054,0.054054054,0.37837838,-0.081081081,0.51351351,0.18918919,0.18918919,0.35135135,0.51351351,0.21621622,0.24324324,0.054054054,0.21621622,0.16216216,0.2972973,0.54054054,0.21621622,0.48648649,0.32432432,0.89189189,0.78378378,0.78378378,0.78378378,0.2972973,0.54054054,0.45945946,0.7027027,0.7027027,0.32432432
1,1,-1,1,1,-1,-1,-1,-1,1,1,1,1,-1,1,1,1,1,1,-1,1,-1,-1,1,1,1,1,1,1,-1,1,1,1,-1,-1,1,-1,-1,1,1,1,1,1,1,1,1,1,1,-1,1,1,1,1,1,1,1,1,1,-1,-1,-1,1,1,1,1,1,-1
-0.90170768,-0.7963325,-0.93386732,-0.83314543,-0.941593,-0.89780403,-0.93997269,-0.98888339,-0.97241011,-0.82414791,-0.80123599,-0.84322209,-0.78617371,0.98317351,-0.96246264,-0.64720412,-0.77346057,-0.83622441,-0.89157982,-0.84025449,-0.77551709,-0.68623728,-0.7994105,-0.81698078,-0.79131313,-0.88158279,-0.66262543,-0.56577337,-0.62607923,-0.86798574,-0.8587512,-0.86926668,-0.91352441,-0.80062925,-0.90722033,-0.87594436,-0.90483214,-0.82522805,-0.88703997,-0.91514151,-0.85510495,-0.86669544,-0.6996567,-0.86798574,-0.85371862,-0.93100361,-0.8831601,-0.82306187,-0.87053835,-0.88394326,-0.916423,-0.86755669,-0.87512354,-1,-0.94711992,-0.8787868,-0.91832523,-0.76999051,-0.60724955,-0.60724955,-0.53647654,-0.68525227,-0.73372064,-0.47694433,0.033056892,-0.6494591,-0.57451102
-0.73067231,-0.62662659,-0.75574748,-0.50573904,-0.87024437,-0.82644135,-0.90413827,-0.93838529,-0.90540227,-0.49751562,-0.52962434,-0.57210359,-0.24597261,-0.81103216,-0.76800443,-0.67109798,-0.86358047,-0.45557128,-0.62118877,-0.51268175,-0.25149381,-0.024267811,-0.29226856,-0.40718416,-0.32886627,-0.52851282,-0.62209973,-0.45941199,-0.51037824,-0.53514425,-0.49751562,-0.54384751,-0.64254655,-0.31416443,-0.65029248,-0.54599902,-0.65790075,-0.37237268,-0.58115729,-0.6604069,-0.57210359,-0.57715517,-0.026819236,-0.53183981,-0.56596873,-0.68936568,-0.77116372,-0.51952881,-0.81937285,-0.64167724,-0.64858318,-0.56802262,-0.562871,-0.90540227,-0.73967112,-0.73485172,-0.68467764,-0.9939577,-0.43726896,-0.43726896,-0.55239623,-0.95656385,-0.55975279,-0.39004968,-0.4757358,-0.63905876,-0.66206946
0.2820689,0.013540283,0.50490939,-0.041657994,0.72320294,0.63183564,0.84973264,0.93948322,0.89021891,-0.057294097,-0.037137987,0.046283869,-0.25207429,-0.18472277,0.59225552,-0.08164005,-0.21724206,-0.057925713,0.19858963,-0.0074394402,-0.26518572,-0.44862552,-0.20722053,-0.099580118,-0.21531491,0.096138525,-0.1264023,-0.28615647,-0.27964651,0.068831868,0.021527005,0.07418805,0.27299659,-0.1930899,0.24152342,0.092867396,0.26881931,-0.12327292,0.14944913,0.30845685,0.11284228,0.096072134,-0.44048089,0.067118249,0.045933967,0.37553382,0.38177283,-0.0051893056,0.3814642,0.24481967,0.29264848,0.13312758,0.095944734,1,0.49864705,0.26423829,0.32578324,0.63683833,-0.31792571,-0.31792571,-0.27896645,0.28672349,-0.186562,-0.4856361,-0.74976135,0.038806747,-0.020046654
-0.78940971,-0.87608126,-0.86445783,-0.90969557,-0.66064262,-0.65354341,-0.68347532,-0.72923077,-0.7293028,-0.88193799,-0.78389511,-0.87381689,-0.9929188,0.12986776,-0.96556187,-0.72760565,0.15653593,-0.95149401,-0.89436273,-0.94224748,-0.97015362,-0.96645321,-0.98412695,-0.9444038,-0.95714816,-0.98038152,-0.82279444,-0.62478195,-0.6731799,-0.94381408,-0.9562073,-0.94259862,-0.94270666,-0.97319678,0.12487536,-0.95966012,-0.89734286,-0.97923358,-0.9559237,-0.93282539,-0.9168443,-0.90541444,-0.98333465,-0.9365213,-0.86141466,-0.95234033,-0.72271679,-0.89054977,-0.74238478,-0.89083788,-0.9519892,-0.92558213,-0.93718305,-0.88261775,-0.93044398,-0.75932474,-0.90848461,-0.22626751,-0.85080862,-0.85080862,-0.79643689,0.22130212,-0.770489,-0.67246413,-0.14985538,-0.73027517,-0.69987958
-0.92003038,-0.9294082,-0.95679408,-0.94573626,-0.91307482,-0.89622059,-0.92365023,-0.94546296,-0.94153103,-0.92796793,-0.87082129,-0.93233093,-0.99015931,0.25591955,-0.98900143,-0.79564748,-0.53569491,-0.96842018,-0.95262483,-0.9652018,-0.97140532,-0.95547402,-0.98424455,-0.96105513,-0.964314,-0.98794018,-0.86885671,-0.63728109,-0.71341047,-0.96925001,-0.97402212,-0.96912953,-0.97561405,-0.97664415,-0.96982266,-0.97794337,-0.95748899,-0.98314236,-0.97790296,-0.97292285,-0.95677688,-0.95253855,-1,-0.96583121,-0.92805905,-0.98178476,-0.90162288,-0.93491543,-0.90685216,-0.95308554,-0.97978968,-0.96268299,-0.96758048,-0.97627302,-0.9772415,-0.90665754,-0.96483196,-0.76613072,-0.85003933,-0.85003933,-0.79358837,-0.47108409,-0.83245873,-0.86213301,-1,-0.78916757,-0.73599213
0.41550764,0.25472057,0.65483845,0.14563625,0.61028798,0.66468678,0.81779589,0.91300972,0.82224815,0.0098742177,0.1876858,0.22884331,0.5206136,-0.057897283,0.57577302,0.35605525,0.60495164,0.16423777,0.40530488,-0.046189197,0.056336205,-0.0095237716,0.18162866,0.053297678,0.31650263,0.52107555,-0.12702278,0.15115179,-0.078251035,0.34858836,0.35466541,0.45850101,0.50084127,0.0035183994,0.12913741,0.31799601,0.5284628,0.21696398,0.62170138,0.42698475,0.35175432,0.28477132,-0.067765528,0.25207231,0.29565506,0.24681164,0.38255774,0.21834585,0.46874359,0.3427383,0.46190989,0.24792669,0.4467969,0.81846094,0.42813565,0.39028348,0.36241903,0.14958673,0.13319143,0.13319143,0.16239395,0.48828893,0.59529845,0.027806705,-0.74523762,0.33962809,0.23767216
0.56773817,0.3673714,0.75970922,0.39209647,0.79549519,0.78300682,0.96910706,0.94524425,1,0.332786,0.33240231,0.35300585,0.39680385,0.46879248,0.85113796,0.33793069,0.3803961,0.34340957,0.51502462,0.38383278,0.24317668,0.15643056,0.28223017,0.41161909,0.48194508,0.58017703,0.15827886,-0.077580961,0.17316424,0.48914436,0.65311044,0.68118968,0.61098746,0.29176044,0.44068849,0.78616295,0.72458749,0.69364917,0.57913324,0.55296418,0.41658639,0.5812332,0.17385322,0.36509403,0.36384396,0.58121257,0.57083654,0.34026582,0.62402866,0.51949683,0.49899231,0.45506229,0.54140409,0.92395997,0.71525524,0.62211848,0.45495089,0.59542547,0.24955082,0.24955082,0.2667672,0.54446945,0.6093537,0.15843563,-0.71530888,0.47670962,0.35140097
-0.020559672,-0.030863968,0.093284597,-0.11663265,-0.049077486,0.043985997,0.079869054,0.12368873,0.069087309,-0.25656053,-0.070535311,-0.078421052,0.48195574,-0.32503928,-0.023025189,0.14954926,0.45492898,-0.084921407,0.014442842,-0.34654407,-0.062551732,0.010674123,0.040581236,-0.18228976,0.20627181,0.1985113,-0.37409524,0.080233011,-0.2109602,0.034554416,0.071188868,0.14709548,0.068030658,-0.17856409,-0.33162182,-0.013143554,0.10045808,0.018876859,0.26785494,-0.024637559,0.010544977,-0.04930447,-0.072985174,-0.067893685,-0.0071715237,-0.23441001,-0.10272009,-0.058829975,-0.020520537,-0.07466016,0.018700751,-0.11012838,0.12063618,0.017734112,-0.11734883,-0.034949682,-0.096654137,-0.41428708,0.074632765,0.074632765,0.079438567,0.081211391,0.51012134,0.11088369,-0.78260793,0.045199188,-0.025314598
0.47039844,0.41358232,0.54643311,0.48345435,0.46815665,0.50478762,0.57690597,0.51269287,0.58965329,0.42236341,0.40945271,0.37456889,0.67019877,0.59371937,0.59126883,0.45075785,0.52170085,0.43564168,0.46034671,0.44809857,0.47724179,0.53619078,0.4769695,0.55382102,0.74804411,0.60766927,0.25417952,0.095652568,0.40196043,0.52037121,0.75273643,0.74376929,0.52210928,0.47731893,0.30182429,0.85375749,0.65481031,0.93213378,0.56825195,0.43660828,0.40447903,0.6108595,0.55261844,0.37298965,0.38738428,0.42794972,0.41574242,0.39361499,0.47388818,0.43790162,0.38588219,0.43561899,0.56221637,0.46356417,0.50179706,0.54287076,0.31845616,0.32011254,0.53535578,0.53535578,0.52066165,0.47221365,0.88776548,0.58645852,-0.54931022,0.52971501,0.4219686
-0.23373125,-0.093899901,0.25541562,0.18565327,0.0068995729,0.16946665,0.17251122,0.17242361,0.16596211,-0.13915234,-0.04205454,-0.13740007,0.40416165,0.034716899,0.45859161,0.23421312,-0.064155076,0.079071296,0.27232505,0.12145439,0.092629504,0.69265141,0.36471361,0.018705509,0.58948636,0.56318037,-0.31659183,-0.4572117,0.17717665,0.12679882,0.11091885,0.14180265,0.19734969,0.31492717,0.11321871,0.81439054,0.95187822,0.39106341,0.39303472,0.50839996,-0.08643084,0.94484722,0.41202497,0.066761581,0.044595335,0.17960793,0.051473004,-0.026787866,0.17102179,0.021618662,0.34500055,0.1408389,0.46505312,0.059336327,0.28141496,0.36427554,0.13501259,-0.56626875,-0.32714927,-0.32714927,-0.3228343,0.0014237214,0.32066586,0.11797175,-0.75374001,-0.077143796,-0.016953236
0.082416827,0.41473335,0.28042607,0.23348778,0.23924789,0.10313783,0.015230212,0.12324325,-0.0096899544,0.17388604,0.23203676,0.2632117,-0.35539543,-0.10994223,0.51417218,-0.38975822,0.25049329,0.0097449173,-0.015977707,-0.051373797,-0.26457478,-0.58721783,0.22806844,-0.88715023,-0.2996301,-0.82128272,0.090573318,-0.29255088,-0.47182878,-0.074491181,-0.025024596,0.14150192,-0.092903743,0.27627088,0.55316284,-0.23768694,0.16128855,-0.49624329,0.45019539,-0.47098235,0.157661,-0.41675598,-0.090936073,-0.086363162,0.028190457,0.15175799,0.074787981,0.042359886,0.32535272,0.40077278,-0.14835029,0.20045509,-0.015516019,-0.041172688,0.049790866,-0.1658065,-0.095860746,0.17132477,0.1893416,0.1893416,0.27320395,0.027805717,-0.59013087,0.023298762,-0.49392385,0.078514464,-0.37698485
0.13245167,-0.55083028,-0.43396625,-0.66944228,-0.19395703,-0.46836853,-0.31130127,-0.46494943,-0.45284813,-0.58265864,-0.64892769,-0.64153245,-0.63761393,0.44647093,-0.33584964,-0.3464911,-0.31802422,-0.33477397,-0.13942432,-0.49199489,-0.21358804,-0.32225007,-0.195705,-0.54232095,-0.4915723,-0.29478203,-0.39864196,0.10740389,-0.016336762,-0.14320838,-0.44287896,-0.63240845,-0.4477579,-0.50288606,-0.25915041,-0.23227783,-0.11777643,-0.69354885,-0.58137167,0.061457343,0.12029274,-0.21815964,-0.57770287,-0.25699907,-0.62977689,-0.4076123,-0.40173452,-0.6941251,0.34560751,0.45724686,-0.63098703,-0.40025547,-0.62854756,0.25096762,-0.23932732,-0.48114213,-0.28863534,0.43848023,-0.22586222,-0.22586222,-0.53970861,0.33454346,-0.19989243,-0.3211744,-0.14718453,-0.52092277,-0.38254531
0.39729647,0.83365063,0.67194332,0.41117051,0.50508975,0.38175338,0.38705611,0.23564133,0.33282914,0.35927327,0.48300952,0.49411918,0.21778589,0.05701743,1,0.15928196,0.19094189,0.34746816,0.12706568,0.1558743,0.23225105,-0.29911766,0.92073717,0.053453297,-0.020889295,0.27978441,0.48022776,0.028817316,0.13269874,0.43907506,0.39541879,0.41692528,0.37735472,0.37994523,0.34413005,0.52817838,0.036501934,0.12021559,0.76916591,0.52049376,0.88566958,-0.10794106,0.20304255,0.3188334,0.32837832,0.32013735,0.44875907,0.30236884,0.59045508,0.62541835,0.39573173,0.59488851,0.46741426,0.46776198,0.53720172,0.52602251,0.17350372,0.12285826,0.12713522,0.12713522,0.18219672,0.092537054,-0.023792759,-0.043056461,-0.25234928,0.3561264,0.15742165
-0.14131069,-0.36828513,-0.35201203,-0.50720792,0.37288405,0.10282126,0.13434156,0.3438401,0.16543734,-0.46931989,-0.51615813,-0.46539312,-0.14127532,0.17866808,0.0087556381,-0.21729902,0.024321217,-0.20155656,-0.077845582,-0.15655788,-0.15411692,-0.22525869,0.25218007,-0.25002211,-0.44031131,-0.011090475,-0.17622712,0.44434421,0.44130185,0.073883435,-0.50957814,-0.41540638,-0.27574069,-0.16388078,-0.0028831697,0.30941894,0.26509242,0.14962413,-0.18666313,0.031891748,0.061077209,-0.45311754,-0.47713806,-0.1241178,-0.39913328,-0.32678872,0.071159459,-0.40252941,0.30011497,0.56692314,-0.34132838,-0.52171221,-0.60757053,0.61291235,-0.019333157,-0.35073848,-0.0056425223,0.36361546,-0.06097108,-0.06097108,-0.29958433,0.37843814,-0.20601397,-0.1448837,-0.19214646,-0.27570532,-0.27658972
0.96397613,-1,0.95460991,-1,-1,-1,-0.91368644,-1,-1,-0.94731509,-1,-1,0.89314419,-0.83986562,-1,0.85933806,0.69030731,-0.66193853,-0.86477541,0.97427895,0.15906787,0.13588652,-1,0.97765957,-0.67730496,0.90159574,-0.62895693,-0.10374401,-0.24525813,-1,-0.91664238,-1,-1,-1,-0.54925139,0.07213779,0.60870628,0.80574294,-1,0.19707009,0.11707267,-0.50739616,0.91462847,-0.4929078,-0.97182821,-0.69058782,0.74859379,-1,-0.86248347,0.96498226,-1,0.96957548,-1,0.75177304,-0.92624113,0.89958347,-0.96674806,-0.4929078,-0.89324375,-0.89324375,-0.9779525,-0.56772469,0.50337922,-0.65590172,0.44239558,-0.94365642,-0.89182034
0.13027085,-0.4941402,-0.51922917,-0.33136063,-0.46949926,-0.15390566,-0.77340421,-0.80942257,-0.54437439,-0.36030396,-0.40240336,-0.25564021,-0.68786059,-0.3282101,-0.56690468,-0.52015009,-0.40196483,0.096751014,-0.40871826,0.06132141,-0.24277652,0.11399826,-0.18078955,0.54351725,-0.74117187,0.39156477,0.10124908,0.060567513,0.15008992,0.22061824,-0.75397651,-0.55082592,-0.67210257,-0.2213102,-0.69086214,-0.0035116673,0.19070806,0.27420312,-0.38607437,-0.33830531,0.35119094,-0.58527258,-0.34358225,-0.23594267,-0.41040664,-0.1793301,-0.015388395,-0.18450394,0.41131003,0.63848755,-0.65903137,-0.5708009,-0.79366455,0.33170471,-0.32767693,0.098111597,-0.45455312,-0.15000942,0.31638829,0.31638829,0.39376699,-0.042703767,-0.12269006,-0.42427531,0.082031955,-0.69742797,0.38818806
-0.50563108,-0.70960619,-0.64660698,-0.92422304,-0.49860339,-0.33782984,-0.56440007,-0.73723252,-0.57860418,-0.69969249,-0.63738663,-0.58781532,-0.90083329,-0.83781496,-0.91430227,-0.73585999,-0.96964913,-0.7563786,-0.75210661,-0.55525055,-0.67635161,-0.75497491,-0.9228066,-0.94549592,-0.50146106,-0.74649111,-0.74503288,-0.46529427,-0.96106194,-0.72022881,-0.88799322,-0.89233958,-0.67645359,-0.79110274,-0.88315111,-0.81585511,-0.78473512,-0.94122675,-0.79036194,-0.87961779,0.10479566,-0.60342312,-0.89165686,-0.85763952,-0.82080346,-0.41926549,-0.51274871,-0.58711064,-0.63809485,-0.74855629,-0.84491064,-0.78117559,-0.66995211,-0.47943393,-0.50422667,-0.98582493,-0.75708045,-0.2847075,-0.74290963,-0.74290963,-0.76557133,-0.53399113,-0.97027095,-0.7032676,-0.48659548,-0.099839517,-0.8716517
-0.7521368,-0.82058462,-0.67282666,-0.77051155,-0.60648933,-0.66168956,-0.47845075,-0.50060216,-0.55254604,-0.80745396,-0.82144402,-0.815323,-0.68464776,-0.55464484,-0.45909968,-0.60294066,-0.48760596,-0.82760596,0.54467699,-0.6192166,-0.69305466,-0.70470623,-0.68419176,-0.74942999,-0.77329436,-0.56128617,-0.79155218,1,-0.57137094,-0.62274774,-0.73432914,-0.70275358,-0.55486115,-0.66121602,-0.45061678,-0.64719673,-0.47488454,-0.57372698,-0.56429699,-0.66089447,-0.7671675,-0.57394329,-0.84774043,-0.72569424,-0.75573224,-0.71122479,-0.70959953,-0.81545162,-0.67170418,-0.75177434,-0.74054955,-0.70717919,-0.75459222,-0.52475884,-0.61031862,-0.67379129,-0.70850044,-0.43936276,-0.79638702,-0.79638702,-0.77415376,-0.6252207,-0.60653025,-0.7290266,-0.720152,-0.77468576,-0.8110494
-0.83162557,-0.86696296,-0.78406598,-0.81245116,-0.75563926,-0.78454365,-0.66338094,-0.68955429,-0.72746177,-0.84726416,-0.86165664,-0.86585705,-0.68848471,-0.66444532,-0.61459082,-0.63819928,-0.51108642,-0.86727449,0.38370357,-0.66769557,-0.69464254,-0.66680253,-0.69759684,-0.78278353,-0.78982401,-0.62893658,-0.82352071,1,-0.55640302,-0.68312647,-0.78422694,-0.76057175,-0.65162603,-0.67574331,-0.55430022,-0.71109628,-0.57745177,-0.59882243,-0.64021381,-0.75150636,-0.82753939,-0.63689087,-0.83741475,-0.78258623,-0.80968897,-0.80409189,-0.8017866,-0.86150607,-0.76958523,-0.825691,-0.8218177,-0.77266933,-0.81351035,-0.71259161,-0.73026031,-0.75939834,-0.79663604,-0.60615367,-0.80076376,-0.80076376,-0.7908209,-0.72493841,-0.62220763,-0.69460619,-0.67801745,-0.82795995,-0.85529113
-0.63250373,-0.34850201,0.50697124,-0.62713122,-0.31239789,0.0042599256,0.59744204,0.67821023,0.45581204,-0.69623222,-0.8254934,-0.74223942,-0.70048212,-0.026511772,0.84948931,-0.6921026,-0.6266501,-0.82575401,0.20097828,-0.9460944,-0.58625598,-0.99673239,-0.81188168,-0.22669821,-0.51877875,-0.69829703,-0.94360861,-0.92109615,-0.92013391,0.11078814,0.24333698,0.31145569,-0.65295138,-0.65271082,-0.6506861,-0.73548368,-0.52298856,-0.57837762,-0.15086151,0.10475408,-1,-0.57382702,-0.63208275,-0.89110628,-0.79953291,-0.13658825,-0.15326711,-0.40264817,-0.41247106,-0.66399711,-0.84303427,-0.13027354,-0.44512715,0.1856225,-0.08097868,0.73444125,-0.71593814,-0.98440366,-0.80851384,-0.80851384,-0.70930267,-0.35190995,-0.770385,-0.84576062,-0.83866409,-0.61672697,-0.50045606
-0.71636632,-0.48718233,0.0089640514,-0.72069125,-0.5509842,-0.26136217,0.025043896,0.018759819,-0.065853433,-0.79658072,-0.82389798,-0.83709454,-0.5230755,0.26317346,1,-0.44770354,-0.42866648,-0.77122262,0.10973108,-0.74412716,-0.37351446,-0.97183255,-0.73688199,0.094538398,-0.45590981,-0.53161445,-0.89317069,-0.73887811,-0.81007301,0.16717494,0.32298309,0.31274374,-0.73285279,-0.60510119,-0.29363275,-0.54917291,-0.30930598,-0.37140745,-0.031291008,-0.058756122,-0.93191017,-0.5549025,-0.64103133,-0.79890953,-0.70712504,-0.0022363922,-0.22521024,-0.40463913,-0.47864338,-0.62058959,-0.67322798,-0.26417152,-0.28575917,0.15737917,0.0012013677,0.50300342,-0.4698087,-0.83694668,-0.56680529,-0.56680529,-0.43398947,0.18314389,-0.55423713,-0.73148508,-0.5156455,-0.47339433,-0.49871546
-0.82730681,-0.72128069,-0.89463016,-0.69510066,-0.94560789,-0.92391451,-0.97168501,-0.98832264,-0.97860351,-0.68640648,-0.69419005,-0.73565375,-0.56996413,-0.61680031,-0.91764762,-0.66865785,-0.63800527,-0.68671276,-0.79869472,-0.7119806,-0.55996491,-0.40558689,-0.60024003,-0.66432802,-0.59454684,-0.75900572,-0.64722159,-0.5316161,-0.53998664,-0.74673751,-0.72585733,-0.74968016,-0.82617256,-0.60941634,-0.81472083,-0.75732649,-0.82327898,-0.6513735,-0.78081785,-0.83748409,-0.76519003,-0.75803183,-0.41393395,-0.7464439,-0.73569711,-0.8588192,-0.85843722,-0.71247656,-0.85845384,-0.81584327,-0.83237568,-0.77379724,-0.75869807,-1,-0.89380721,-0.82076085,-0.8429075,-0.91551516,-0.51849121,-0.51849121,-0.54562009,-0.78511526,-0.61015448,-0.34655573,0.068922945,-0.72863835,-0.69830185
-0.9287205,-0.93745808,-0.96297428,-0.95267141,-0.92223981,-0.90653625,-0.93209321,-0.95241675,-0.94875327,-0.93611614,-0.882871,-0.94018128,-0.99406162,0.16694548,-0.99298279,-0.81282942,-0.57062421,-0.97380666,-0.95908969,-0.970808,-0.97658801,-0.96174435,-0.98855067,-0.96694443,-0.9699808,-0.99199399,-0.88104055,-0.66527494,-0.73620686,-0.97457982,-0.97902615,-0.97446759,-0.98050937,-0.98146916,-0.9751134,-0.98267967,-0.96362175,-0.98752372,-0.98264202,-0.97800192,-0.96295825,-0.9590093,-0.9803821,-0.97139445,-0.93620104,-0.98625882,-0.91156971,-0.94258933,-0.916442,-0.95951894,-0.98439994,-0.96846116,-0.97302429,-0.98112336,-0.98202572,-0.91626064,-0.9704634,-0.78532782,-0.86350784,-0.86350784,-0.81091088,-0.51042449,-0.8471275,-0.5901808,0.44596307,-0.8067919,-0.75724684
0.37962311,-0.12145695,0.31745245,-0.16475027,-0.336653,-0.34069819,-0.32032298,-0.39201683,-0.4299048,0.75918899,0.35535505,0.29925411,-0.382376,-0.23198823,-0.5742429,-0.017325843,0.2054987,-0.0071322689,0.058195882,-0.053597763,-0.10672603,-0.050722545,0.69321948,-0.27722579,0.31729222,-0.28699717,0.075139444,0.29803255,0.1937573,0.34956829,0.31009977,0.54938681,-0.056285823,-0.12919187,-0.16037353,-0.36434288,-0.35780228,-0.072127148,-0.66571749,-0.46836774,-0.036554601,-0.31051997,-0.11715431,0.37676931,0.24763759,-0.18653715,0.73997553,-0.19471329,0.53797782,0.16156269,0.20132683,0.024558906,0.55585841,0.098778404,0.25487135,-1,-0.032411223,0.82317077,-0.027829905,-0.027829905,-0.049954898,0.23956611,0.2937508,0.33627267,0.063580652,0.099680061,-0.020533279
-1,-1,-1,-1,-1,-1,-1,-1,-1,-1,-1,-1,-1,0.13043478,-1,-1,-0.56521739,-1,-1,-1,-1,-1,-1,-1,-1,-1,-1,-1,-1,-1,-1,-1,-1,-1,-0.82608696,-1,-1,-1,-1,-1,-1,-1,-1,-1,-1,-1,-1,-1,-1,-1,-1,-1,-1,-1,-1,-1,-1,-1,-1,-1,-1,-0.91304348,-1,-1,0.47826087,-1,-1
-1,-1,-1,-0.97784787,-1,-1,-1,-1,-1,-1,-1,-1,-0.96836608,-1,-0.98904021,-0.94594593,-0.98935456,-0.99517122,-1,-0.94371025,-0.94930195,-0.80982873,-0.99045015,-1,-0.9978652,-1,-1,-0.96872152,-0.94134654,-1,-1,-1,-1,-1,-1,-0.98919967,-0.97997279,-0.96285194,-1,-1,-1,-0.96458983,-1,-0.99738366,-1,-1,-1,-1,-1,-1,-1,-1,-1,-1,-0.99310944,-1,-1,-1,-1,-1,-0.99591522,-1,-0.9977889,-0.97809371,0.0097113968,-1,-1
-1,-0.96682431,-0.9323439,-0.95744599,-0.88307977,-0.85490623,-0.75478502,-0.5277341,-0.74910871,-0.98941759,-0.99471346,-1,-0.93157509,-0.21328566,-0.87957219,-0.79849676,-0.36616942,-1,-0.97218756,-0.8895158,-0.89033892,-0.88307977,-0.9689619,-0.98982012,-1,-0.89459273,-0.99504006,-0.91273349,-0.99042701,-1,-0.98882857,-0.96539429,-0.84755971,-1,-0.40634179,-0.82025698,-1,-0.98011099,-1,-0.97311877,-0.97033797,-0.86315023,-1,-0.96016092,-0.9943408,-0.95818482,-0.88517016,-1,-0.79236584,-0.95506423,-0.96025485,-0.9822378,-0.99417659,-0.4609228,-0.9094528,-0.98051327,-0.8137714,0.89332378,-0.94831425,-0.94831425,-0.94659521,-0.7851978,-1,-0.75538102,-0.69137225,-0.9943408,-0.99457045
-1,-1,-0.99597996,-0.87867039,-1,-1,-1,-1,-0.76769818,-1,-1,-1,-1,-1,-0.89012753,-1,-1,-1,-1,-1,-1,-1,-1,-0.96672915,-1,-1,-1,-1,-1,-1,-0.9969859,-1,-1,-1,-0.93189056,-0.99685471,-1,-1,-0.99676072,-0.97083206,-1,-1,-1,-1,-1,-1,-1,-1,-1,-1,-1,-1,-1,-1,-1,-0.97533522,-1,-1,-1,-1,-1,-1,-1,-1,-1,-1,-1
0.074021568,-0.10414622,0.43409434,-0.24320754,0.65653915,0.57869874,0.82567646,0.61507638,0.80695696,-0.22950071,-0.086275591,-0.035637992,-0.57235492,-0.52342371,0.36943253,-0.3034455,-0.44735944,-0.3182656,-0.041540079,-0.29838309,-0.48399824,-0.75860482,-0.5081835,-0.36535308,-0.68334834,-0.28934829,-0.35095147,-0.39006659,-0.44346978,-0.15853021,-0.27088939,-0.24618941,-0.24171526,-0.41305477,0.01275848,-0.43490645,-0.2542499,-0.63975042,-0.21165279,0.04524105,-0.12468458,-0.31914259,-0.62750559,0.037570931,0.0059999513,0.25505822,0.36088975,-0.09256697,0.19604004,0.055837341,0.48190742,0.15889409,0.024409102,0.25531991,0.39612817,0.20838058,0.60002,0.28064006,-0.54712992,-0.54712992,-0.54464549,0.083710594,-0.51772546,-0.67274502,-0.72371081,0.015142889,0.043836898
-0.2199007,-0.91978812,-0.51215506,-0.36896615,-0.48341716,-0.39908579,-0.75266884,-0.69840824,-0.64343729,-0.81072939,-0.45377239,-0.49333203,-0.05855953,-0.56480602,-0.43084083,-0.78771252,-0.084238966,-0.87407772,0.17373836,-0.82739359,-0.56119974,0.062258283,-0.78372689,-0.33595581,-0.58726982,0.36139454,-0.81356496,0.49516906,0.17655706,-0.29619255,-0.24425067,-0.06231062,-0.73545093,0.092194406,-0.61869201,-0.51335305,0.13282334,-0.67727086,-0.92717643,-0.61639965,-0.36968633,-0.50171705,-0.75272705,-0.26068503,-0.43207331,-0.7136474,-0.20494917,-0.33181913,-0.41072534,0.0090287233,0.1788946,0.28048559,-0.086859051,-0.20999061,0.075104138,-0.24444062,-0.023916246,0.19790556,-0.24328319,-0.24328319,-0.20957334,-0.059430808,-0.5341382,-0.73881585,0.092369151,-0.25094829,0.14698342
0.078370532,-0.38833697,0.021959729,0.25701806,-0.33271187,0.0050870932,0.0038352954,0.055238907,0.036808182,0.0071512278,-0.019482768,-0.044532041,-0.29463858,-0.068902147,0.29598359,-0.48175571,-0.1979039,0.13864326,-0.19436158,-0.18587866,0.032466841,-0.17996591,-0.59951793,-0.17338731,0.0064587439,-0.819022,0.1917115,-0.51181218,-0.36374048,0.0083497576,0.073869387,0.086121025,-0.25596601,-0.19932882,-0.33130027,0.066944548,-0.023837426,0.091101582,1,0.040883183,-0.43417408,-0.2076919,0.029204176,-0.448916,-0.46542907,-0.18816918,-0.14120013,-0.40596868,-0.0086160976,-0.18353486,-0.067011133,-0.48998562,-0.61897406,0.17364034,-0.012557929,0.14817823,-0.41056304,-0.19674533,-0.19279018,-0.19279018,-0.24137058,-0.06232355,0.096335162,-0.15996378,-0.56942151,-0.031028605,0.12922815
-0.11879824,-0.52449515,-0.20991761,-0.47922135,-0.36226837,0.17701484,-0.053824363,-0.1746238,-0.041713231,-0.14036957,-0.26569119,-0.32234842,-0.78044026,-0.35618681,0.0365673,0.10330847,0.20768251,-0.24152091,-0.079605998,-0.1512332,-0.010525769,-0.49938925,-0.58343946,-0.0026769239,0.16625517,0.062452894,-0.4393014,-0.086155365,-0.36008525,-0.035059906,-0.25555527,-0.30805416,-0.12628323,0.33310809,-0.090469631,-0.33815006,0.14187696,-0.18252462,-0.1223848,-0.29620293,0.27951763,-0.65511864,-0.41429945,-0.63079242,-0.63115628,-0.45759805,-0.03833459,-0.69831328,-0.28190867,-0.31548717,-0.15310445,-0.58624633,-0.84988435,-0.11479585,-0.36476337,-0.35275619,0.0038204642,0.32385581,-0.38399563,-0.38399563,-0.1420329,0.19733867,-0.35816202,-0.27431972,0.46539491,-0.31200457,-0.004236297
-0.53958711,-0.22229739,0.017722137,-0.37173943,-0.034718929,-0.20576789,0.017610545,0.13392384,0.059910727,-0.57996234,-0.58941972,-0.58369368,-0.96871251,0.016627145,0.56874738,-0.99778909,-0.62906263,-0.44375785,0.15208537,-0.85249686,-0.47426419,-0.99691031,-0.98487934,-0.81856605,-0.88358209,-0.97582647,-0.85076719,-0.56017576,-0.55652811,0.16168224,0.030185521,0.0083065978,-0.95805552,-0.82572186,-0.59073093,-0.93935695,-0.32462687,-0.11396987,-0.018998466,-0.8429767,-0.89990236,-0.99191659,-0.54998605,-0.35491003,-0.3053006,-0.40322221,-0.17789092,-0.13600921,-0.15034175,-0.25374529,-0.26975171,-0.18296834,0.39125401,0.45743479,0.0070023713,0.29881434,-0.98246617,-0.79408565,-0.18262659,-0.18262659,-0.16204492,-0.37242991,0.10422653,-0.48322639,-0.66750593,-0.32298786,0.1556005
-0.74733925,-0.73087034,-0.5438579,-0.81776199,-0.59032327,-0.34465364,-0.30452576,-0.47545293,-0.28055417,-0.70884547,-0.7414849,-0.77376909,-0.97945293,0.011381883,-0.39053641,-0.98155595,-0.2562984,-0.71759858,-0.33571581,-0.65921137,-0.67539609,-0.99388988,-0.91164476,-0.61783304,-0.67774068,-0.74833392,-0.87450089,-0.48160568,-0.45685257,-0.48304085,-0.61982238,-0.63518295,-0.95413144,-0.55677442,0.14766608,-0.74056128,-0.49311545,-0.48365187,-0.56599645,-0.66756661,-0.61784725,-0.9893286,-0.75820959,-0.76159147,-0.74287744,-0.72161989,-0.63640497,-0.69666785,-0.67745648,-0.68345293,-0.62361634,-0.66287744,-0.50036234,-0.4398579,-0.61707993,-0.52809947,-0.95175844,-0.26168384,-0.58955595,-0.58955595,-0.56520071,-0.27182948,-0.41817407,-0.73295915,-0.047914743,-0.58561989,-0.55002487
0.19533514,0.015245082,0.32656452,0.019287107,0.4006726,0.32173271,0.55236574,0.55072196,0.70752302,0.051138525,0.014558034,0.059283576,-0.049973112,0.059299628,0.63334109,0.28021767,0.042354584,-0.0061336694,0.18432632,-0.039352762,-0.15874501,-0.16883242,-0.099880409,0.032572176,0.10779109,0.28434959,-0.041770272,-0.065277588,-0.16743585,0.38625743,0.21298007,0.23770417,0.27519644,0.30294805,0.1155862,0.14249023,0.0626835,-0.22430031,0.7375926,-0.1019544,0.28106525,0.092008251,0.19362715,-0.028170574,-0.011520896,0.21499306,0.21857919,0.018828005,0.26370605,0.086967759,0.17778973,0.11690572,0.18064708,0.47592683,0.31312856,-0.030764662,0.43104398,0.36371969,-0.047022658,-0.047022658,-0.044409307,0.16922731,0.53537254,-0.22793139,-0.78961562,0.057970479,-0.75742068
-0.67774821,-0.77361718,-0.62137109,-0.63659,-0.5363429,-0.24678452,-0.088436926,-0.39964519,0.037648102,-0.77027181,-0.77767218,-0.76370779,-0.83044415,-0.36481024,-0.4444719,-0.36839004,-0.25844896,-0.7757714,-0.52241019,-0.48676424,-0.7237344,-0.77904074,-0.71305835,-0.77616423,-0.78849395,-0.51775328,-0.75841095,-0.45938668,-0.33691313,-0.08220237,-0.71435088,-0.70473294,-0.47556231,-0.1719445,-0.32455807,-0.74980042,-0.046670468,0.35226509,-0.50337071,0.033985934,0.023880124,-0.72299309,-0.4643097,-0.76011531,-0.61588418,-0.66740797,-0.64241272,-0.77587911,-0.65444466,-0.69273902,-0.66652728,-0.75239181,-0.72236584,-0.49685738,-0.62841665,1,0.36038776,-0.3342267,-0.83219287,-0.83219287,-0.76416397,-0.31711335,-0.45896217,-0.69507065,-0.40001901,-0.76965089,-0.48820883
0.033441337,-0.034465853,0.069896511,-0.0037272273,0.058730543,0.018953548,0.15066986,0.11985267,0.27134592,0.040433817,-0.010254589,-0.0016939085,0.032423106,0.040490385,0.31847994,0.30984698,0.072973202,-0.023221318,0.057341475,-0.084258593,-0.089428314,0.012379046,-0.052049189,0.041203775,0.19608798,0.2102175,-0.025883174,0.028073627,-0.097303888,0.33513619,0.17420231,0.17279753,0.116358,0.40895163,-0.061854374,0.063400576,-0.093633229,-0.23638981,0.65073743,-0.27081166,0.19850785,0.0092269303,0.47705367,-0.10506004,-0.076002753,0.013758686,0.017171644,-0.02176311,0.059843054,-0.060424451,0.010971122,0.017533053,0.10198021,0.036621737,0.059619923,-0.18197103,0.24544389,0.067429502,0.078655181,0.078655181,0.05537101,0.011631086,0.67423845,-0.039610433,-0.68422591,0.0014990619,-0.86072238
-0.84154541,-0.9118812,-0.80463869,-0.73317318,-0.75519607,-0.45597463,-0.33421579,-0.6347371,-0.22788523,-0.89674557,-0.91338524,-0.90015517,-0.94252678,-0.54703344,-0.63625475,-0.41167703,-0.24195919,-0.89993058,-0.65106371,-0.56995467,-0.80092964,-0.83695845,-0.79845921,-0.89464944,-0.89411861,-0.62461038,-0.83846248,-0.49098259,-0.32736256,-0.099429691,-0.83949012,-0.83610775,-0.61072697,-0.10891669,-0.4258735,-0.8905797,-0.14629299,0.51256993,-0.61971035,-0.065320067,-0.0020688998,-0.85879759,-0.39187957,-0.89616709,-0.73749473,-0.83657053,-0.81224734,-0.90602839,-0.82428643,-0.84447862,-0.82225156,-0.89818155,-0.85784481,-0.73500388,-0.8087833,1,0.27455117,-0.53143503,-0.93688494,-0.93688494,-0.86158788,-0.51455036,-0.49034967,-0.7478052,-0.39882808,-0.90379616,-0.56537451
0.27972839,0.011102758,0.50622251,-0.042655702,0.72598024,0.62375709,0.84737673,0.93141397,0.87585269,-0.06108533,-0.036627184,0.042741721,-0.25346205,-0.023222515,0.5904748,-0.083629547,-0.0419783,-0.060162415,0.2000172,-0.009522154,-0.26732011,-0.44927417,-0.20907611,-0.1007671,-0.2167157,0.094713489,-0.12815706,-0.27781447,-0.27785927,0.064556566,0.020181375,0.072054579,0.26919641,-0.19430409,0.37564884,0.089858776,0.26122529,-0.12464103,0.14927659,0.30725814,0.11393163,0.093362269,-0.44200554,0.064637209,0.040924564,0.37390874,0.37557357,-0.0057140092,0.37950895,0.24484041,0.29025321,0.13190607,0.093577317,1,0.49843418,0.26264282,0.32218249,0.62916913,-0.31972915,-0.31972915,-0.28098822,0.30599115,-0.18591184,-0.48772657,-0.65977945,0.037313547,-0.021543347
-0.80956861,-0.89721257,-0.88804759,-0.92786368,-0.65394595,-0.65309622,-0.65980304,-0.71458052,-0.73995114,-0.90777355,-0.83087265,-0.89851752,-0.99520507,-0.1380362,-0.96506987,-0.65312656,0.36151617,-0.96109434,-0.85946012,-0.95238457,-0.96749769,-0.96658726,-0.97963674,-0.95663323,-0.96862055,-0.97022897,-0.86137202,-0.61391742,-0.62951611,-0.92397918,-0.96367388,-0.95308256,-0.92158172,-0.96676934,0.64535757,-0.96652656,-0.85967255,-0.98412819,-0.96069982,-0.93985099,-0.95056371,-0.92158172,-0.98940868,-0.94765033,-0.88689438,-0.95490342,-0.73898002,-0.91171874,-0.75815972,-0.90446565,-0.95639045,-0.93778735,-0.94613295,-0.87475532,-0.93514711,-0.78255922,-0.91633158,-0.22121906,-0.89266042,-0.89266042,-0.85078069,0.1168839,-0.82929457,-0.78441042,-0.52305661,-0.77287832,-0.75312201
-0.78617047,-0.88707432,-0.9894146,-0.97224371,-0.75189499,-0.86327374,-0.91648803,-0.91361517,-0.9151179,-0.91750459,-0.86398091,-0.76621511,0.0034253387,-0.76232569,-0.98649754,-0.99089523,-0.44173609,-0.96519414,-0.32717509,-0.84413604,-0.54071733,-0.97916068,-0.93814501,-0.99635367,-0.18943228,-0.92760381,-0.93023359,-0.76195001,-0.83050098,-0.97051999,-0.90296347,-0.93894058,-0.94462001,-0.86941725,-0.94298468,-0.87556076,-0.91279751,-0.97768005,0.005436344,-0.97410002,-0.42306247,-0.28790524,-0.97500608,-0.92492984,-0.89328413,-0.98068551,-0.96656427,-0.94718349,-0.95595677,-0.87662151,-0.97224371,-0.76420411,-0.87317407,-0.15193034,-0.99801109,-0.94983536,-1,-0.69344324,-0.93991293,-0.93991293,-0.88828976,-0.8301032,-0.7961813,-0.83918587,-0.53231973,-0.80517558,-0.94408963
-0.7139227,-0.98175123,-0.97489425,-0.98183723,-0.896473,-0.96963229,-0.93706753,-0.90784916,-0.93988225,-0.89368955,-0.87069485,-0.919757,-0.90683273,-0.90953799,-0.98213434,-0.88408823,-0.91053878,-0.97944472,-0.68368009,-0.93489394,-0.95353365,-0.36098797,0.10079829,-0.92661397,-0.47016787,-0.97030469,-0.67294506,-0.91287657,-0.92039031,-0.95453444,-0.97316633,-0.93051549,1,-0.20460676,-0.7869178,-0.93297055,-0.59730725,-0.35698481,-0.96710686,-0.79100697,-0.80448635,-0.82931063,-0.78424382,-0.96389338,-0.97179024,-0.67159243,-0.8865902,-0.98317422,-0.73610427,-0.73672976,-0.59536822,-0.93633258,-0.95144606,-0.89262621,-0.98578566,-0.94836551,-0.94097686,-0.85890429,-0.92653578,-0.92653578,-0.9500387,-0.88920945,-0.69152222,-0.85511224,-0.85557354,-0.9083261,-0.99624704
-0.99750406,-0.97863829,-0.99826076,-0.99437697,-0.99186929,-0.98453537,-0.99542726,-0.99679196,-0.99513213,-0.99735128,-0.99643397,-0.9900944,-0.96354414,-0.99107579,-0.99697859,-0.99971744,-0.97885754,-0.99388009,-0.9928413,-0.99182363,-0.9664435,-0.99994015,-0.99986672,-0.99976727,-0.99487301,-0.99150325,-0.99931477,-0.99071684,-0.99274578,-0.997663,-0.98749073,-0.99695711,-0.999967,-0.99949809,-0.99911577,-0.99364577,-0.99930919,-0.99993319,-0.89645581,-0.99960043,-0.99003684,-0.9859006,-0.99962931,-0.99277274,-0.9869407,-0.99983731,-0.99898389,-0.98889512,-0.99946474,-0.998444,-0.99980975,-0.9873929,-0.99103867,-0.97326773,-0.99891851,-0.99659627,-0.99990376,-0.99264985,-0.9971694,-0.9971694,-0.99231414,-0.99479317,-0.99779966,-0.99624611,-0.98904846,-0.9927746,-0.94742031
-0.51873223,0.021981343,-0.1882869,-0.22209642,-0.23483205,-0.79501036,-0.85329142,-0.80746539,-0.88444993,-0.38976021,-0.87223179,-0.86284787,-0.66103953,-0.14917346,-0.35300326,-0.73752446,-0.12544099,-0.14376123,-0.39558549,0.22247029,-0.37110337,-0.38380013,-0.28012837,-0.27555906,-0.65082355,-0.4173613,-0.4331802,-0.33991822,-0.25757456,-0.26676929,-0.38597112,-0.50058612,-0.70875344,-0.5007626,0.29675715,-0.46799734,0.21845623,-0.13265515,-0.31952676,0.078474596,-0.4486323,-0.53413581,-0.56825091,-0.73631068,-0.64360988,0.18162652,-0.62265893,-0.43347234,-0.32442611,-0.49038959,-0.37741935,-0.51248711,-0.48864575,0.19350202,-0.42138929,-0.83037822,-0.30756957,-0.41119779,-0.35774082,-0.35774082,-0.37649543,-0.12551825,-0.25215968,-0.6511625,-0.56676403,-0.44272659,-0.55308783
0.84214658,0.85727212,0.85889194,0.85773453,0.85135633,0.85904922,0.85914842,0.85896697,0.85960454,0.85106407,0.84914853,0.85150355,0.87001252,0.88637522,0.86181139,0.87445635,0.86559348,0.8589158,0.86098202,0.77646127,0.86131885,0.8797644,0.81664633,0.25586341,0.84419929,0.87704618,0.8530292,0.84632892,0.8595066,0.861268,0.86190243,0.86287809,0.85030941,0.86956236,0.48632279,0.86598117,0.82627076,0.85788929,0.8596193,-1,0.9041201,0.86983955,0.86194167,0.86134522,0.86128934,0.85946045,0.85619664,0.85890073,0.85754398,0.85230687,0.85273914,0.86029359,0.86333672,0.86048226,0.86230267,0.85997905,0.26144458,0.89596073,0.85083239,0.85083239,0.84179059,0.85930757,0.86277104,0.8472961,0.76966336,0.85748841,0.85891737
